,post_id,lat,lon
0,7043852389,40.706367,-74.01566
1,7043879172,40.751654,-73.999723
2,7043882068,40.726958,-74.003445
3,7043897638,40.7571,-73.9657
4,7043924975,40.681221,-73.980463
5,7043980000,40.73761,-73.97379
6,7043989596,40.7627,-73.9149
7,7044001918,40.7056,-74.0083
8,7044022802,40.636322,-74.143254
9,7044023655,40.636322,-74.143254
10,7044113902,40.720633,-73.963028
11,7044125981,40.717123,-74.004573
12,7044215489,40.671149,-73.959376
13,7044455849,40.671112,-73.978061
14,7044485801,40.724863,-73.984403
15,7044501102,40.691812,-73.955939
16,7044503803,40.7339,-74.0054
17,7044520056,40.683269,-73.950155
18,7044732392,40.714866,-74.00806
19,7044760395,40.715775,-74.00344
20,7044816195,40.70555,-74.009532
21,7044823502,40.679,-73.9644
22,7044830518,40.6907,-73.9274
23,7044873002,40.744644,-73.95768
24,7044877007,40.663834,-73.994516
25,7044879045,40.663834,-73.994516
26,7044880223,40.653978,-73.952824
27,7044901812,40.713509,-73.967323
28,7044937225,40.767226,-73.984083
29,7044943409,40.7339,-74.0054
30,7044969128,40.7763,-73.9529
31,7045130079,40.7918,-73.9447
32,7045135781,40.698871,-73.992345
33,7045150867,40.77793,-73.94566
34,7045181787,40.706658,-73.938863
35,7045246017,40.746405,-73.892627
36,7045319974,40.671124,-73.959022
37,7045366093,40.7056,-74.0083
38,7045383897,40.7764,-73.9827
39,7045427028,40.7685,-73.9588
40,7045427530,40.7764,-73.9827
41,7045446070,40.7339,-74.0054
42,7045477658,40.78005,-73.945395
43,7045494483,40.671465,-73.960091
44,7045534748,40.738934,-74.00883
45,7045535902,40.77037,-73.99219
46,7045595794,40.75694,-73.964196
47,7045661826,40.751654,-73.999723
48,7045705206,40.766636,-73.986192
49,7045908465,40.683969,-73.973179
50,7045911670,40.7443,-73.9781
51,7046039447,40.682054,-73.981683
52,7046057300,40.682016,-73.981855
53,7046068200,40.749799,-73.978475
54,7046076041,40.65415,-73.94993
55,7046104112,40.7454,-73.9575
56,7046142343,40.689738,-73.992038
57,7046193222,40.645309,-73.961326
58,7046251520,40.9927,-73.7995
59,7046280729,40.679,-73.9644
60,7046290378,40.671092,-73.959108
61,7046587986,40.78018,-73.94458
62,7046589602,40.751736,-73.96938
63,7046589890,40.738934,-74.00883
64,7046591156,40.760063,-73.97063
65,7046591184,40.76016,-73.970115
66,7046601816,40.732816,-73.981941
67,7046608577,40.7597,-73.9918
68,7046609090,40.7597,-73.9918
69,7046803646,40.744337,-73.974214
70,7046830288,40.782562,-73.97843
71,7046838352,40.795252,-73.97321
72,7046855140,40.716728,-73.958913
73,7046860096,40.694,-73.9903
74,7046906843,40.77037,-73.99219
75,7046913088,40.709934,-73.968605
76,7046938692,40.705516,-73.938073
77,7046954591,40.763674,-73.993843
78,7046978079,40.936044,-73.902845
79,7046981783,40.7484,-73.9967
80,7046986424,40.772999,-73.989508
81,7047012315,40.772885,-73.989551
82,7047080466,40.7402,-73.9996
83,7047111083,40.738934,-74.00883
84,7047116959,40.7262,-73.9796
85,7047142978,40.718158,-73.997931
86,7047144545,40.731836,-74.005107
87,7047150783,40.740115,-73.982211
88,7047327697,40.726958,-74.003445
89,7047345511,40.724863,-73.984403
90,7047441674,40.7339,-74.0054
91,7047576481,40.71719,-74.012894
92,7047594413,40.679,-73.9644
93,7047595699,40.6907,-73.9274
94,7047610361,40.748323,-73.940177
95,7047754053,40.745891,-73.954983
96,7047765911,40.72089,-73.98521
97,7047831605,40.767226,-73.984083
98,7047842702,40.683269,-73.950155
99,7047853614,40.7221,-74.0469
100,7047882630,40.707735,-74.007617
101,7047985051,40.755157,-73.96863
102,7048010842,40.777787,-73.988575
103,7048013308,40.705511,-73.93728
104,7048016988,40.671222,-73.95943
105,7048049288,40.972596,-73.717933
106,7048054483,40.712993,-73.941121
107,7048057084,40.744644,-73.95768
108,7048121647,40.7571,-73.9657
109,7048121677,40.7571,-73.9657
110,7048121788,40.748135,-73.973157
111,7048132290,40.7975,-73.9683
112,7048144375,40.77793,-73.94566
113,7048231867,40.7627,-73.9149
114,7048263409,40.778559,-73.947644
115,7048275246,40.679,-73.9644
116,7048314301,40.71488,-73.95446
117,7048329290,40.746655,-73.970514
118,7048379133,40.752646,-73.971182
119,7048386812,40.747458,-73.941458
120,7048428110,40.7764,-73.9827
121,7048428715,40.7764,-73.9827
122,7048429713,40.690752,-73.98374
123,7048506776,40.787277,-73.943482
124,7048520407,40.769362,-73.990516
125,7048543467,40.676807,-73.955749
126,7048566278,40.818802,-73.956023
127,7048568705,40.818802,-73.956023
128,7048583998,40.687782,-73.97837
129,7048591072,40.725867,-73.859848
130,7048600958,40.755175,-73.881514
131,7048602538,40.701288,-73.804848
132,7048638697,40.77793,-73.94566
133,7048644128,40.6669,-73.9828
134,7048672610,40.671849,-73.962493
135,7048708449,40.746655,-73.970514
136,7048741617,40.7454,-73.9575
137,7048758717,40.7454,-73.9575
138,7048859885,40.704856,-73.933808
139,7048881283,40.746655,-73.970514
140,7048941762,40.7816,-73.9511
141,7048983082,40.76664,-73.98735
142,7048984001,40.75641,-73.997345
143,7048985986,40.765575,-73.98852
144,7048989438,40.7764,-73.9827
145,7049000764,40.708846,-74.002503
146,7049014139,40.693172,-73.970859
147,7049041439,40.67118,-73.933678
148,7049061091,40.7446,-73.9345
149,7049076194,40.7446,-73.9345
150,7049088129,40.722283,-73.98571
151,7049105802,40.725867,-73.859848
152,7049138142,40.747463,-73.98089
153,7049167785,40.755175,-73.881514
154,7049172205,40.751753,-73.90663
155,7049191083,40.746655,-73.970514
156,7049223285,40.709118,-74.01465
157,7049224643,40.744644,-73.95768
158,7049252118,40.6521,-74.0018
159,7049260912,40.653978,-73.952824
160,7049263937,40.671849,-73.962493
161,7049265737,40.6521,-74.0018
162,7049270235,40.72254,-73.949078
163,7049298886,40.751465,-73.970695
164,7049300402,40.754964,-73.885258
165,7049338087,40.671111,-73.958668
166,7049342020,40.710323,-73.899356
167,7049344888,40.7095,-73.9563
168,7049346095,40.7651,-73.9858
169,7049385524,40.686937,-73.961726
170,7049413852,40.712993,-73.941121
171,7049452917,40.710004,-74.007779
172,7049486331,40.7975,-73.9683
173,7049486358,40.73834,-73.996645
174,7049547579,40.724863,-73.984403
175,7049548382,40.767226,-73.984083
176,7049556059,40.727762,-73.991285
177,7049557815,40.72709,-73.976639
178,7049579371,40.709702,-74.007807
179,7049579448,40.708551,-74.013969
180,7049581697,40.77793,-73.94566
181,7049621874,40.746655,-73.970514
182,7049672477,40.7143,-74.006
183,7049717020,40.6628,-73.9546
184,7049764921,40.7262,-73.9796
185,7049770518,40.7597,-73.9918
186,7049852397,40.725867,-73.859848
187,7049853188,40.758011,-73.917005
188,7049853912,40.701288,-73.804848
189,7049866577,40.709118,-74.01465
190,7049934457,40.9525,-73.735
191,7049940609,40.7443,-73.9781
192,7050001621,40.7446,-73.9345
193,7050002138,40.744644,-73.95768
194,7050005988,40.7446,-73.9345
195,7050046934,40.756087,-73.996807
196,7050069467,40.7571,-73.9657
197,7050069483,40.7571,-73.9657
198,7050074131,40.710004,-74.007779
199,7050121766,40.681137,-73.955666
200,7050122762,40.681137,-73.955666
201,7050130441,40.712993,-73.941121
202,7050150795,40.77793,-73.94566
203,7050154333,40.748065,-73.939768
204,7050185398,40.709702,-74.007807
205,7050185443,40.708551,-74.013969
206,7050209402,40.8246,-73.9507
207,7050226477,40.7685,-73.9588
208,7050233190,40.784142,-73.950026
209,7050238400,40.762154,-73.99554
210,7050262537,40.754964,-73.885258
211,7050306000,40.776921,-73.949361
212,7050350561,40.684533,-73.952389
213,7050364517,40.689738,-73.992038
214,7050384175,40.6816,-73.9798
215,7050400207,40.7443,-73.9781
216,7050407699,40.709118,-74.01465
217,7050443350,40.6784,-73.9211
218,7050504486,40.612772,-73.993343
219,7050507978,40.7446,-73.9345
220,7050508398,40.744337,-73.974214
221,7050553876,40.616747,-73.969488
222,7050558998,40.710247,-74.064245
223,7050575423,40.635714,-74.080725
224,7050579500,40.778,-73.9884
225,7050587362,40.7402,-73.9996
226,7050587456,40.7975,-73.9683
227,7050608576,40.710004,-74.007779
228,7050624492,40.708401,-73.898003
229,7050626565,40.700998,-73.910578
230,7050640421,40.6794,-73.9496
231,7050726452,40.936044,-73.902845
232,7050726855,40.936044,-73.902845
233,7050741322,40.709702,-74.007807
234,7050741423,40.708551,-74.013969
235,7050745448,40.746655,-73.970514
236,7050753050,40.6794,-73.9496
237,7050757033,40.7095,-73.9563
238,7050760299,40.616747,-73.969488
239,7050779195,40.967482,-73.711414
240,7050781167,40.5979,-73.9743
241,7050783009,40.936044,-73.902845
242,7050783628,40.808446,-73.944994
243,7050791479,40.770084,-73.912506
244,7050797173,40.67242,-73.962207
245,7050808138,40.726987,-73.856518
246,7050840114,40.597204,-74.095015
247,7050850506,40.671229,-73.959414
248,7050860484,40.596487,-73.798504
249,7050863185,40.936044,-73.902845
250,7050868972,40.77037,-73.99219
251,7050869644,40.744644,-73.95768
252,7050882440,40.584658,-73.971005
253,7050883186,40.68814,-73.96079
254,7050891981,40.7597,-73.9918
255,7050897363,40.770142,-73.991375
256,7050898703,40.738759,-74.008103
257,7050903424,40.7816,-73.9511
258,7050906355,40.751736,-73.96938
259,7050937860,40.7119,-73.7944
260,7050939991,40.774884,-73.980735
261,7050951259,40.644253,-73.997952
262,7050952281,40.623817,-74.030095
263,7050954339,40.6412,-74.0133
264,7050958460,40.635971,-74.023218
265,7050961191,40.6924,-73.9666
266,7050967798,40.761667,-73.974915
267,7050984952,40.734398,-74.000114
268,7051002002,40.7651,-73.9638
269,7051002152,40.6794,-73.9496
270,7051006587,40.7006,-73.918
271,7051032526,40.725867,-73.859848
272,7051033330,40.7321,-74.066
273,7051042137,40.721941,-73.855868
274,7051043095,40.8183,-73.9426
275,7051049522,40.709118,-74.01465
276,7051052572,40.81016,-73.93741
277,7051060145,40.634616,-74.023518
278,7051060824,40.755175,-73.881514
279,7051065118,40.758011,-73.917005
280,7051068292,40.746655,-73.970514
281,7051070564,40.735875,-73.986029
282,7051077425,40.6251,-74.0303
283,7051088975,40.936044,-73.902845
284,7051092747,40.878514,-73.916219
285,7051097652,40.746058,-73.978242
286,7051098158,40.732019,-73.982482
287,7051100132,40.74386,-73.979956
288,7051126017,40.689698,-73.975106
289,7051141427,40.741379,-73.978739
290,7051144112,40.749265,-73.975978
291,7051145418,40.740953,-73.977003
292,7051146824,40.753319,-73.973031
293,7051148569,40.755569,-73.968421
294,7051150304,40.752135,-73.973917
295,7051150895,40.732004,-73.982502
296,7051151508,40.732039,-73.982538
297,7051153010,40.705287,-74.016579
298,7051195478,40.7446,-73.9345
299,7051199923,40.7446,-73.9345
300,7051201134,40.5766,-73.8428
301,7051205447,40.7446,-73.9345
302,7051214824,40.713493,-73.96706
303,7051217135,40.9,-73.8622
304,7051226096,40.77037,-73.99219
305,7051226466,40.705254,-74.01615
306,7051227121,40.74548,-74.005394
307,7051231208,40.7816,-73.9511
308,7051231443,40.7597,-73.9918
309,7051232661,40.6225,-73.965
310,7051241703,40.706367,-74.01566
311,7051283363,40.710004,-74.007779
312,7051289781,40.6016,-73.9968
313,7051310843,40.806469,-73.946438
314,7051346970,40.60957,-74.002665
315,7051364929,40.6705,-73.894
316,7051368799,40.703147,-73.917362
317,7051371427,40.694,-73.9903
318,7051375897,40.6628,-73.9546
319,7051375984,40.705569,-74.01017
320,7051385405,40.7597,-73.9918
321,7051385567,40.7816,-73.9511
322,7051389666,40.7627,-73.9149
323,7051390982,40.7627,-73.9149
324,7051396216,40.936044,-73.902845
325,7051397137,40.746655,-73.970514
326,7051403484,40.616747,-73.969488
327,7051417919,40.709702,-74.007807
328,7051418019,40.708551,-74.013969
329,7051418408,40.702,-74.089
330,7051430200,40.936044,-73.902845
331,7051450352,40.717075,-74.00483
332,7051451572,40.717823,-74.005045
333,7051451915,40.633529,-74.027252
334,7051452808,40.703269,-73.992147
335,7051456918,40.727762,-73.991285
336,7051460204,40.614872,-73.930865
337,7051462128,40.936044,-73.902845
338,7051472237,40.5979,-73.9743
339,7051480836,40.681767,-73.942894
340,7051491011,40.589482,-73.956978
341,7051492222,40.718213,-74.005602
342,7051493058,40.717075,-74.00483
343,7051493774,40.717075,-74.00483
344,7051497610,40.948276,-73.733455
345,7051508139,40.743828,-73.924268
346,7051509673,40.709564,-74.004593
347,7051524824,40.742377,-73.88188
348,7051529057,40.751753,-73.90663
349,7051530211,40.5839,-73.9536
350,7051537020,40.751736,-73.96938
351,7051548495,40.6794,-73.9496
352,7051558386,40.7029,-73.8111
353,7051563278,40.713493,-73.96706
354,7051564462,40.622752,-73.96157
355,7051569094,40.7119,-73.7944
356,7051570766,40.754964,-73.885258
357,7051573330,40.7365,-73.8779
358,7051582902,40.7597,-73.9918
359,7051584708,40.7597,-73.9918
360,7051585691,40.7651,-73.9858
361,7051589688,40.936044,-73.902845
362,7051604260,40.6251,-74.0303
363,7051615402,40.716183,-74.00965
364,7051628219,40.5979,-73.9743
365,7051635797,40.6924,-73.9666
366,7051651926,40.736645,-74.00164
367,7051666360,40.773863,-73.907488
368,7051667433,40.874794,-73.88344
369,7051670712,40.71996,-73.884602
370,7051670768,40.740554,-73.989301
371,7051671328,40.726566,-73.99983
372,7051704939,40.808446,-73.944994
373,7051713482,40.615945,-73.95718
374,7051714334,40.709118,-74.01465
375,7051719417,40.6969,-73.7877
376,7051724869,40.936044,-73.902845
377,7051740051,40.762276,-73.911467
378,7051751185,40.704717,-73.928738
379,7051759141,40.738934,-74.00883
380,7051766831,40.7816,-73.9511
381,7051767140,40.7597,-73.9918
382,7051779541,40.721058,-73.770592
383,7051785421,40.707145,-73.896431
384,7051825912,40.759351,-73.822289
385,7051826347,40.715775,-74.00344
386,7051843311,40.7446,-73.9345
387,7051849180,40.7454,-73.9575
388,7051881308,40.766027,-73.919921
389,7051883390,40.765949,-73.920093
390,7051902801,40.9177,-73.895
391,7051908000,40.761424,-73.923869
392,7051909320,40.7321,-74.066
393,7051911388,40.738934,-74.00883
394,7051913182,40.784354,-73.981165
395,7051936468,40.710004,-74.007779
396,7051951548,40.6775,-73.7758
397,7051976159,40.623503,-74.085139
398,7052015776,40.936044,-73.902845
399,7052019047,40.719544,-73.859129
400,7052025129,40.6884,-73.951175
401,7052043512,40.7095,-73.9563
402,7052054397,40.616747,-73.969488
403,7052054485,40.936044,-73.902845
404,7052055146,40.793188,-73.940563
405,7052064474,40.709702,-74.007807
406,7052064536,40.708551,-74.013969
407,7052105709,40.589482,-73.956978
408,7052107995,40.680892,-73.973959
409,7052108735,40.925097,-73.844818
410,7052114771,40.5979,-73.9743
411,7052123016,40.755175,-73.881514
412,7052124247,40.9176,-73.8593
413,7052125946,40.7517,-73.9707
414,7052129558,40.594648,-73.956556
415,7052131811,40.717075,-74.00483
416,7052133512,40.875233,-73.847506
417,7052139336,40.718158,-73.997931
418,7052152320,40.908174,-73.906574
419,7052159583,40.727986,-73.988119
420,7052163168,40.946369,-73.853059
421,7052163696,40.7651,-73.9858
422,7052191916,40.701288,-73.804848
423,7052192820,40.717758,-74.00483
424,7052207463,40.725867,-73.859848
425,7052214458,40.694,-73.9903
426,7052214558,40.916269,-73.900144
427,7052216913,40.7402,-73.9996
428,7052219070,40.758011,-73.917005
429,7052227036,40.974391,-73.830274
430,7052228642,40.701932,-73.88098
431,7052229201,40.754964,-73.885258
432,7052235000,40.700518,-73.898369
433,7052251511,40.7402,-73.9996
434,7052259309,40.743888,-73.981907
435,7052263000,40.639319,-73.936792
436,7052263535,40.6794,-73.9496
437,7052268463,40.77508,-73.948111
438,7052277097,40.683269,-73.950155
439,7052310804,40.7627,-73.7745
440,7052312986,40.706929,-74.009743
441,7052319295,40.888047,-73.790152
442,7052326821,40.5979,-73.9743
443,7052327378,40.774884,-73.980735
444,7052330174,40.764142,-73.984616
445,7052331531,40.6039,-74.1472
446,7052339643,40.710313,-74.006653
447,7052341241,40.711136,-74.01615
448,7052344628,40.74837,-73.93842
449,7052346413,40.81016,-73.93741
450,7052348237,40.7229,-73.8473
451,7052351875,40.936044,-73.902845
452,7052354324,40.7351,-73.8776
453,7052375285,40.6884,-73.951175
454,7052378743,40.708555,-74.016452
455,7052380702,40.711136,-74.01615
456,7052381788,40.9525,-73.735
457,7052382001,40.702,-74.089
458,7052392755,40.7278,-73.8602
459,7052393966,40.661477,-73.962933
460,7052433294,40.715859,-73.964896
461,7052438477,40.707336,-74.00456
462,7052442541,40.707333,-74.00708
463,7052445602,40.636322,-74.143254
464,7052446479,40.717123,-74.004573
465,7052446886,40.636322,-74.143254
466,7052447619,40.643699,-74.07861
467,7052454546,40.7143,-74.006
468,7052466151,40.756634,-73.875139
469,7052469233,40.645453,-73.961406
470,7052473939,40.5767,-73.9884
471,7052475580,40.887271,-73.83791
472,7052478884,40.708393,-73.940306
473,7052483183,40.704899,-74.008916
474,7052491391,40.708291,-74.004689
475,7052492424,40.9079,-73.838
476,7052494740,40.6039,-74.1472
477,7052496224,40.874794,-73.88344
478,7052505396,40.763634,-73.963749
479,7052508309,40.933858,-73.891629
480,7052513177,40.8011,-73.9371
481,7052521977,40.707333,-74.00708
482,7052526401,40.738934,-74.00883
483,7052528915,40.70862,-74.015465
484,7052553977,40.7975,-73.9683
485,7052575500,40.710004,-74.007779
486,7052576827,40.750113,-74.051414
487,7052582168,40.686592,-73.97821
488,7052585654,40.6016,-73.9968
489,7052587309,40.6251,-74.0303
490,7052587579,40.6251,-74.0303
491,7052589223,40.6016,-73.9968
492,7052659714,40.671112,-73.978061
493,7052663354,40.6794,-73.9496
494,7052672629,40.705248,-74.008125
495,7052676445,40.616747,-73.969488
496,7052677290,40.708323,-74.00499
497,7052680147,40.7627,-73.9149
498,7052681117,40.7627,-73.9149
499,7052686896,40.7445,-74.0329
500,7052691389,40.5973,-74.0768
501,7052692927,40.717075,-74.00483
502,7052702981,40.782562,-73.97843
503,7052705905,40.709702,-74.007807
504,7052705989,40.708551,-74.013969
505,7052708265,40.936044,-73.902845
506,7052711470,40.5979,-73.9743
507,7052727141,40.7763,-73.911
508,7052734123,40.777803,-73.913072
509,7052744242,40.7029,-73.8111
510,7052751073,40.772139,-73.95826
511,7052759282,40.915832,-73.901925
512,7052771324,40.73273,-73.983318
513,7052772638,40.732749,-73.983469
514,7052782185,40.743828,-73.924268
515,7052783411,40.751753,-73.90663
516,7052786030,40.726987,-73.856518
517,7052798078,40.759068,-73.91538
518,7052820690,40.691279,-73.993027
519,7052825026,40.924907,-73.788918
520,7052857641,40.705833,-73.937365
521,7052891433,40.9927,-73.7995
522,7052891976,40.6016,-73.9968
523,7052892862,40.769444,-73.950874
524,7052897699,40.755175,-73.881514
525,7052904870,40.725867,-73.859848
526,7052910239,40.701288,-73.804848
527,7052916009,40.836338,-73.856584
528,7052923411,40.837679,-73.854478
529,7052925754,40.670651,-73.97361
530,7052932692,40.8222,-73.9217
531,7052934264,40.9461,-73.8669
532,7052944981,40.704971,-73.933201
533,7052948731,40.58298,-74.108684
534,7052966421,40.761437,-73.923681
535,7052971101,40.818802,-73.956023
536,7052973646,40.878514,-73.916219
537,7052974611,40.7119,-73.7944
538,7052975206,40.7029,-73.8111
539,7053025238,40.936056,-73.883027
540,7053034182,40.913397,-73.785027
541,7053053715,40.974391,-73.830274
542,7053060517,40.7101,-74.0013
543,7053093279,40.7012,-73.9436
544,7053112648,40.73434,-74.002391
545,7053114063,40.7351,-73.8776
546,7053118183,40.730913,-74.002819
547,7053148820,40.878514,-73.916219
548,7053174360,40.6467,-73.957
549,7053181391,40.742138,-73.977388
550,7053213605,40.710004,-74.007779
551,7053217424,40.660117,-73.950569
552,7053221682,40.659586,-73.947601
553,7053225761,40.874794,-73.88344
554,7053226211,40.706367,-74.01566
555,7053229209,40.801636,-73.968584
556,7053232346,40.9079,-73.838
557,7053245398,40.777746,-73.825821
558,7053248985,40.706367,-74.01566
559,7053287854,40.7313,-73.9892
560,7053294355,40.625223,-73.946486
561,7053321161,40.705468,-74.007956
562,7053327359,40.936044,-73.902845
563,7053343429,40.709702,-74.007807
564,7053343517,40.708551,-74.013969
565,7053379922,40.74687,-73.891457
566,7053385264,40.841575,-73.826104
567,7053392667,40.6794,-73.9496
568,7053392767,40.731187,-73.982541
569,7053393205,40.731272,-73.982516
570,7053409953,40.702248,-73.88661
571,7053417840,40.808446,-73.944994
572,7053434726,40.700128,-73.909138
573,7053435617,40.734977,-73.853249
574,7053454176,40.695171,-73.968231
575,7053462473,40.9461,-73.8669
576,7053471714,40.754964,-73.885258
577,7053473526,40.758011,-73.917005
578,7053475310,40.7339,-74.0054
579,7053482354,40.934796,-73.902154
580,7053495178,40.700128,-73.909138
581,7053496331,40.7339,-74.0054
582,7053518537,40.6251,-74.0303
583,7053528954,40.743828,-73.924268
584,7053535410,40.7029,-73.8111
585,7053537022,40.7119,-73.7944
586,7053541143,40.9461,-73.8669
587,7053549442,40.771366,-73.896774
588,7053550691,40.81016,-73.93741
589,7053551290,40.81016,-73.93741
590,7053552756,40.76113,-73.90964
591,7053571378,40.766307,-73.919921
592,7053573435,40.766105,-73.919835
593,7053574216,40.766189,-73.919985
594,7053575919,40.6011,-73.9475
595,7053601815,40.715468,-73.94891
596,7053613893,40.9079,-73.838
597,7053626160,40.594648,-73.956556
598,7053627084,40.616937,-74.023717
599,7053630824,40.706367,-74.01566
600,7053641062,40.6102,-74.0878
601,7053642989,40.693873,-73.911905
602,7053650830,40.7975,-73.9683
603,7053669181,40.936044,-73.902845
604,7053673788,40.660437,-73.945413
605,7053677966,40.6816,-73.9798
606,7053679753,40.710864,-73.958003
607,7053681207,40.671229,-73.959414
608,7053682643,40.755175,-73.881514
609,7053683286,40.751753,-73.90663
610,7053684367,40.725867,-73.859848
611,7053685700,40.756832,-73.998085
612,7053686232,40.934699,-73.901442
613,7053690109,40.7454,-73.9575
614,7053694532,40.6251,-74.0303
615,7053698043,40.651749,-73.948674
616,7053698672,40.687116,-73.985615
617,7053709501,40.7571,-73.9657
618,7053731557,40.676635,-73.924856
619,7053739768,40.678239,-73.944149
620,7053754030,40.948201,-73.885233
621,7053767225,40.6316,-74.0927
622,7053771296,40.6316,-74.0927
623,7053775209,40.5682,-74.1184
624,7053779211,40.5682,-74.1184
625,7053785345,40.731447,-73.982498
626,7053785817,40.731402,-73.982473
627,7053786693,40.676946,-73.991872
628,7053795478,40.674129,-74.00573
629,7053806537,40.7855,-73.845
630,7053810244,40.745,-73.9069
631,7053811102,40.745797,-73.883843
632,7053844464,40.69224,-73.939872
633,7053845496,40.818802,-73.956023
634,7053845849,40.9079,-73.838
635,7053846322,40.7006,-73.918
636,7053846451,40.874794,-73.88344
637,7053870660,40.710004,-74.007779
638,7053874419,40.736432,-74.006621
639,7053893530,40.699886,-73.899279
640,7053903401,40.757429,-73.942602
641,7053958560,40.616747,-73.969488
642,7053962829,40.686301,-73.943067
643,7053965722,40.653957,-73.952415
644,7053967264,40.7221,-74.0469
645,7053991785,40.655096,-73.954225
646,7053995129,40.709702,-74.007807
647,7054003273,40.717075,-74.00483
648,7054008532,40.936044,-73.902845
649,7054009034,40.661102,-73.950669
650,7054030992,40.7627,-73.9149
651,7054044550,40.734007,-73.862456
652,7054054859,40.694,-73.9903
653,7054064734,40.717075,-74.00483
654,7054076064,40.746652,-73.921691
655,7054087900,40.936044,-73.902845
656,7054090886,40.739834,-74.042829
657,7054118205,40.67,-73.9367
658,7054138693,40.7606,-73.7968
659,7054140955,40.797932,-73.933991
660,7054145997,40.706367,-74.01566
661,7054148444,40.737738,-73.992888
662,7054155502,40.936044,-73.902845
663,7054181678,40.719132,-73.959575
664,7054182553,40.7321,-74.066
665,7054185042,40.7445,-74.0329
666,7054194752,40.744644,-73.95768
667,7054195251,40.744644,-73.95768
668,7054195908,40.758472,-73.92582
669,7054198829,40.7918,-73.9447
670,7054209725,40.9351,-73.7571
671,7054211838,40.9045,-73.8073
672,7054223483,40.705543,-73.858895
673,7054226892,40.936044,-73.902845
674,7054234171,40.695778,-73.910855
675,7054244860,40.702619,-73.908355
676,7054262469,40.9166,-73.7877
677,7054266071,40.768205,-74.025911
678,7054274565,40.760342,-73.92226
679,7054283795,40.936044,-73.902845
680,7054294802,40.76828,-73.908965
681,7054307104,40.781578,-73.913588
682,7054322422,40.9569,-73.8198
683,7054324915,40.693011,-73.931015
684,7054330777,40.779787,-74.009993
685,7054356271,40.592754,-73.950152
686,7054364254,40.756087,-73.996807
687,7054372572,40.684735,-73.957858
688,7054374683,40.7101,-74.0013
689,7054374706,40.677535,-73.911081
690,7054426629,40.835623,-73.851508
691,7054437610,40.598357,-74.1469
692,7054438801,40.679,-73.9644
693,7054439637,40.6907,-73.9274
694,7054440120,40.680189,-73.967954
695,7054467665,40.7864,-73.9764
696,7054469475,40.720998,-73.850656
697,7054477984,40.7262,-73.9796
698,7054478673,40.718,-74.0754
699,7054530115,40.745222,-73.911381
700,7054545413,40.819047,-73.944687
701,7054567658,40.5979,-73.9743
702,7054568009,40.5839,-73.9536
703,7054568172,40.589482,-73.956978
704,7054570507,40.584658,-73.971005
705,7054578091,40.6039,-74.1472
706,7054583132,40.907435,-73.865528
707,7054585214,40.7119,-73.7944
708,7054585396,40.7029,-73.8111
709,7054588887,40.9461,-73.8669
710,7054588919,40.6969,-73.7877
711,7054594606,40.756201,-73.969579
712,7054603895,40.7816,-73.9511
713,7054605222,40.9079,-73.838
714,7054628083,40.7597,-73.9918
715,7054635868,40.6016,-73.9968
716,7054643535,40.7006,-73.918
717,7054644892,40.70655,-74.01012
718,7054647486,40.616747,-73.969488
719,7054651214,40.5979,-73.9743
720,7054709827,40.708508,-74.00644
721,7054712388,40.6621,-73.7353
722,7054721664,40.7313,-73.9892
723,7054727149,40.6251,-74.0303
724,7054782197,40.933083,-73.839777
725,7054795257,40.686314,-73.942773
726,7054798970,40.8246,-73.9507
727,7054814315,40.687872,-73.978347
728,7054816514,40.711962,-73.940688
729,7054823340,40.7321,-74.066
730,7054837182,40.709741,-74.017981
731,7054863397,40.7611,-73.8916
732,7054877525,40.712769,-73.944082
733,7054890028,40.7321,-74.066
734,7054893834,40.7272,-73.9498
735,7054895293,40.719581,-73.998053
736,7054896833,40.712541,-73.816752
737,7054910142,40.711838,-73.903305
738,7054911310,40.74548,-74.005394
739,7054919553,40.671115,-73.959457
740,7054924976,40.683269,-73.950155
741,7054928555,40.86082,-73.926865
742,7054937159,40.7272,-73.9498
743,7054958186,40.641767,-73.946686
744,7054959536,40.8222,-73.9217
745,7054960729,40.784354,-73.981165
746,7054962775,40.6179,-73.9856
747,7054976511,40.7229,-73.8473
748,7054977008,40.6669,-73.9828
749,7054983379,40.687752,-73.969783
750,7054984053,40.6913,-73.8585
751,7054987325,40.6762,-73.8736
752,7054996277,40.6251,-74.0303
753,7055001557,40.8904,-73.8503
754,7055001701,40.911576,-73.837755
755,7055004313,40.7443,-73.9781
756,7055009294,40.624136,-74.084996
757,7055015610,40.690219,-73.907292
758,7055029509,40.7073,-74.0025
759,7055045480,40.732287,-73.853836
760,7055079387,40.683227,-73.95052
761,7055095173,40.766103,-73.919899
762,7055102669,40.763452,-73.810894
763,7055104714,40.681137,-73.955666
764,7055110140,40.680189,-73.967954
765,7055110850,40.680189,-73.967954
766,7055111467,40.689072,-73.921306
767,7055111925,40.689072,-73.921306
768,7055116184,40.7816,-73.9511
769,7055137634,40.949507,-73.883543
770,7055143698,40.936044,-73.902845
771,7055148879,40.770678,-73.980217
772,7055159024,40.694,-73.9903
773,7055162701,40.784354,-73.981165
774,7055162820,40.8222,-73.9217
775,7055170986,40.616747,-73.969488
776,7055171622,40.744644,-73.95768
777,7055173620,40.766518,-73.91469
778,7055184525,40.731305,-73.84512
779,7055186657,40.692548,-73.913012
780,7055188063,40.711551,-73.769529
781,7055193065,40.719544,-73.859129
782,7055193479,40.645945,-73.982611
783,7055203308,40.6251,-74.0303
784,7055212758,40.625627,-74.027194
785,7055212978,40.778,-73.9884
786,7055214611,40.706815,-74.017618
787,7055218358,40.670597,-73.780231
788,7055221650,40.936044,-73.902845
789,7055230454,40.7597,-73.9918
790,7055236451,40.75513,-73.96524
791,7055238424,40.61058,-73.974391
792,7055244440,40.709382,-73.937097
793,7055244950,40.720272,-73.94441
794,7055259933,40.721462,-73.988523
795,7055261705,40.77089,-73.9205
796,7055262487,40.676596,-73.915544
797,7055264729,40.717823,-74.005087
798,7055265597,40.74557,-73.944408
799,7055266210,40.636667,-74.025666
800,7055268857,40.7685,-73.9588
801,7055273841,40.739088,-73.991375
802,7055274980,40.808446,-73.944994
803,7055277456,40.717075,-74.00483
804,7055279267,40.5979,-73.9743
805,7055281425,40.770016,-73.92121
806,7055283494,40.717075,-74.00483
807,7055285644,40.6251,-74.0303
808,7055289340,40.754964,-73.885258
809,7055291144,40.758011,-73.917005
810,7055296950,40.6251,-74.0303
811,7055300525,40.76819,-73.91555
812,7055311774,40.76264,-73.977
813,7055314617,40.747458,-73.941458
814,7055318551,40.740079,-73.984041
815,7055330396,40.7436,-73.9216
816,7055336801,40.717123,-74.004573
817,7055347381,40.712864,-73.940128
818,7055361215,40.6628,-73.9546
819,7055364951,40.974391,-73.830274
820,7055371658,40.6039,-74.1472
821,7055382296,40.708432,-73.908752
822,7055393330,40.927374,-73.861499
823,7055403080,40.7443,-73.9781
824,7055404540,40.751753,-73.90663
825,7055405803,40.755175,-73.881514
826,7055408560,40.755923,-73.967114
827,7055412240,40.727065,-73.859069
828,7055426401,40.725867,-73.859848
829,7055431936,40.688125,-73.911692
830,7055431991,40.7351,-73.8776
831,7055433581,40.651352,-73.956433
832,7055436960,40.9176,-73.8593
833,7055443799,40.743828,-73.924268
834,7055445067,40.7221,-74.0469
835,7055457586,40.934699,-73.901442
836,7055461590,40.7272,-73.9498
837,7055473770,40.770016,-73.92121
838,7055482932,40.719181,-73.990281
839,7055508230,40.936044,-73.902845
840,7055508908,40.679,-73.9644
841,7055514418,40.759351,-73.822289
842,7055519413,40.693196,-73.855612
843,7055522480,40.936044,-73.902845
844,7055526255,40.936044,-73.902845
845,7055538169,40.728,-73.8195
846,7055550139,40.733031,-73.954727
847,7055551035,40.6588,-73.8438
848,7055555819,40.681767,-73.942894
849,7055571157,40.89801,-73.89736
850,7055573132,40.6907,-73.9274
851,7055576854,40.693115,-73.91399
852,7055603110,40.7608,-73.9295
853,7055607673,40.748127,-73.97497
854,7055615766,40.686683,-73.959568
855,7055619000,40.74613,-73.97572
856,7055621351,40.79763,-73.968056
857,7055632364,40.763129,-73.775752
858,7055635457,40.929802,-73.770052
859,7055638550,40.704768,-73.958884
860,7055638777,40.781708,-73.95469
861,7055641933,40.7445,-74.0329
862,7055644164,40.708004,-74.014785
863,7055660331,40.817769,-73.814452
864,7055660387,40.587296,-73.814853
865,7055678235,40.81016,-73.93741
866,7055678446,40.81016,-73.93741
867,7055678851,40.76113,-73.90964
868,7055679700,40.6016,-73.9968
869,7055681201,40.696688,-73.906707
870,7055692548,40.7272,-73.7949
871,7055697798,40.756832,-73.998085
872,7055698310,40.756832,-73.998085
873,7055698804,40.60916,-73.753825
874,7055761326,40.9079,-73.838
875,7055769041,40.914593,-73.852353
876,7055775503,40.9079,-73.838
877,7055775542,40.936044,-73.902845
878,7055803236,40.925746,-73.8385
879,7055805828,40.7436,-73.9216
880,7055815278,40.936044,-73.902845
881,7055823658,40.6205,-73.9239
882,7055839224,40.726968,-73.85646
883,7055845670,40.7374,-73.7951
884,7055846300,40.9719,-73.7181
885,7055850085,40.7428,-73.7588
886,7055850896,40.796703,-73.932847
887,7055853513,40.5979,-73.9743
888,7055856777,40.804428,-73.95109
889,7055857854,40.817226,-73.942299
890,7055858644,40.936044,-73.902845
891,7055859496,40.5839,-73.9536
892,7055860863,40.804428,-73.95109
893,7055865048,40.9216,-73.9659
894,7055871202,40.701288,-73.804848
895,7055871484,40.721144,-73.983822
896,7055872211,40.7152,-73.9877
897,7055884240,40.7262,-73.9796
898,7055890405,40.7402,-73.9996
899,7055903504,40.6316,-74.0927
900,7055911960,40.6794,-73.9496
901,7055913201,40.716046,-73.939094
902,7055914039,40.7918,-73.9447
903,7055919545,40.955,-73.8086
904,7055936068,40.7651,-73.9858
905,7055936659,40.7029,-73.8111
906,7055936976,40.7119,-73.7944
907,7055937401,40.7119,-73.7944
908,7055938228,40.7119,-73.7944
909,7055938592,40.936044,-73.902845
910,7055938985,40.714703,-74.04039
911,7055942208,40.7674,-74.0323
912,7055949303,40.692166,-73.914754
913,7055954365,40.710628,-74.007753
914,7055962215,40.692166,-73.914754
915,7055963947,40.717075,-74.00483
916,7055967004,40.70528,-74.008039
917,7055968987,40.916702,-73.848858
918,7055972929,40.717075,-74.00483
919,7055974057,40.589482,-73.956978
920,7055976041,40.663192,-73.937264
921,7055977229,40.681505,-73.974227
922,7055977897,40.586138,-73.97094
923,7055980597,40.623817,-74.030095
924,7055983833,40.6412,-74.0133
925,7055989971,40.683973,-73.944036
926,7055991261,40.644253,-73.997952
927,7055992910,40.65566,-74.000366
928,7055996145,40.632404,-74.022841
929,7055998108,40.6011,-73.9475
930,7056001966,40.81016,-73.93741
931,7056002552,40.81016,-73.93741
932,7056003117,40.76113,-73.90964
933,7056010105,40.7763,-73.911
934,7056039590,40.686592,-73.97821
935,7056044531,40.713493,-73.96706
936,7056044778,40.78018,-73.94458
937,7056045958,40.6873,-73.981155
938,7056046196,40.738934,-74.00883
939,7056060252,40.5839,-73.9536
940,7056063106,40.623046,-73.91519
941,7056067563,40.936044,-73.902845
942,7056068455,40.632366,-73.993446
943,7056071923,40.925555,-73.844464
944,7056073975,40.6016,-73.9968
945,7056078589,40.660772,-73.994974
946,7056083242,40.631438,-74.014539
947,7056087287,40.659344,-73.992566
948,7056090535,40.6251,-74.0303
949,7056091672,40.974391,-73.830274
950,7056092294,40.670869,-73.948148
951,7056095202,40.718165,-74.044912
952,7056099409,40.754964,-73.885258
953,7056120788,40.758011,-73.917005
954,7056124876,40.974391,-73.830274
955,7056125109,40.783188,-73.948256
956,7056127596,40.665567,-73.989312
957,7056130951,40.704572,-73.958559
958,7056132227,40.913247,-73.84712
959,7056144075,40.676635,-73.924856
960,7056158273,40.853259,-73.863903
961,7056192827,40.757357,-73.96857
962,7056197190,40.7627,-73.9149
963,7056208541,40.748809,-73.995742
964,7056209374,40.74837,-73.93842
965,7056209846,40.7627,-73.9149
966,7056220123,40.693619,-73.931165
967,7056226885,40.770257,-73.952805
968,7056234894,40.67119,-73.959408
969,7056238181,40.8222,-73.9217
970,7056258051,40.762533,-73.790059
971,7056282416,40.74433,-73.980709
972,7056286599,40.679,-73.9644
973,7056289361,40.759103,-73.99214
974,7056293819,40.6179,-73.9856
975,7056296962,40.625802,-74.008879
976,7056303076,40.7029,-73.8111
977,7056309180,40.741898,-73.927088
978,7056329049,40.6838,-73.8514
979,7056378644,40.694,-73.9903
980,7056381726,40.708291,-74.004861
981,7056386241,40.819047,-73.944687
982,7056395456,40.8222,-73.9217
983,7056399975,40.8798,-73.9067
984,7056405842,40.712072,-73.996947
985,7056417750,40.936044,-73.902845
986,7056419712,40.8904,-73.8503
987,7056425606,40.669539,-73.823125
988,7056431624,40.769757,-73.954854
989,7056438927,40.934699,-73.901442
990,7056441839,40.5923,-73.7933
991,7056450748,40.9079,-73.838
992,7056454124,40.7221,-74.0469
993,7056454990,40.700998,-73.910578
994,7056460607,40.679,-73.9644
995,7056461064,40.717693,-74.00453
996,7056478677,40.588427,-73.969823
997,7056485218,40.5839,-73.9536
998,7056491156,40.936044,-73.902845
999,7056500698,40.688426,-73.873741
1000,7056504283,40.69133,-73.951757
1001,7056506368,40.773388,-73.928988
1002,7056509432,40.756959,-73.930553
1003,7056511295,40.7627,-73.9149
1004,7056514135,40.7651,-73.9858
1005,7056515462,40.6251,-74.0303
1006,7056516747,40.740602,-73.989415
1007,7056516931,40.6251,-74.0303
1008,7056542728,40.867454,-73.920968
1009,7056543936,40.820587,-73.944348
1010,7056546181,40.713493,-73.96706
1011,7056548830,40.686933,-73.950883
1012,7056563263,40.7627,-73.9149
1013,7056563510,40.770484,-73.952634
1014,7056563911,40.6039,-74.1472
1015,7056565356,40.936044,-73.902845
1016,7056566327,40.755175,-73.881514
1017,7056578549,40.7864,-73.9764
1018,7056581089,40.751753,-73.90663
1019,7056584981,40.71996,-73.884602
1020,7056587449,40.7864,-73.9764
1021,7056588064,40.5839,-73.9536
1022,7056591537,40.742377,-73.88188
1023,7056591966,40.7119,-73.7944
1024,7056592583,40.7351,-73.8776
1025,7056592952,40.7119,-73.7944
1026,7056593531,40.7119,-73.7944
1027,7056593890,40.7029,-73.8111
1028,7056606470,40.602534,-73.993201
1029,7056606777,40.671465,-73.960091
1030,7056610546,40.726547,-74.033834
1031,7056611938,40.6174,-74.0121
1032,7056614997,40.730448,-73.980338
1033,7056619632,40.730448,-73.980338
1034,7056621402,40.695034,-73.945563
1035,7056632027,40.9045,-73.8073
1036,7056644593,40.713087,-73.944148
1037,7056663422,40.692765,-73.945787
1038,7056663545,40.85246,-73.920354
1039,7056664781,40.743201,-73.920591
1040,7056676819,40.7402,-73.9996
1041,7056680829,40.7313,-73.9892
1042,7056683051,40.936044,-73.902845
1043,7056688159,40.646673,-73.949129
1044,7056695992,40.740995,-73.978565
1045,7056698605,40.711962,-73.940688
1046,7056705791,40.707754,-73.946656
1047,7056715584,40.715046,-73.964801
1048,7056721075,40.6705,-73.894
1049,7056726548,40.726239,-73.937942
1050,7056727455,40.8662,-73.9003
1051,7056729922,40.694,-73.9903
1052,7056730281,40.8662,-73.9003
1053,7056732283,40.974391,-73.830274
1054,7056738067,40.7571,-73.9657
1055,7056753303,40.700813,-73.914535
1056,7056764020,40.718158,-73.997931
1057,7056765236,40.745,-73.9069
1058,7056765864,40.6174,-74.0121
1059,7056766895,40.70854,-74.005375
1060,7056767290,40.72423,-73.845124
1061,7056787646,40.936044,-73.902845
1062,7056798486,40.7278,-73.8602
1063,7056800862,40.81016,-73.93741
1064,7056801421,40.81016,-73.93741
1065,7056801915,40.76113,-73.90964
1066,7056804064,40.584699,-73.984001
1067,7056808301,40.713509,-73.967323
1068,7056810310,40.759022,-73.895513
1069,7056816619,40.769887,-73.955068
1070,7056821290,40.76712,-73.9175
1071,7056836540,40.7446,-73.9345
1072,7056836671,40.71772,-74.014057
1073,7056837568,40.7143,-74.006
1074,7056841038,40.725327,-73.93772
1075,7056849412,40.7446,-73.9345
1076,7056860581,40.789685,-73.948147
1077,7056865182,40.7764,-73.9827
1078,7056871393,40.850178,-73.865221
1079,7056874394,40.76828,-73.908965
1080,7056887816,40.693641,-73.913307
1081,7056892920,40.707335,-73.943202
1082,7056894628,40.717716,-73.94861
1083,7056898405,40.711218,-73.940423
1084,7056899346,40.7608,-73.9295
1085,7056899432,40.74548,-74.005394
1086,7056904022,40.719583,-73.945611
1087,7056905015,40.878514,-73.916219
1088,7056906398,40.8434,-73.8602
1089,7056910601,40.670193,-73.889676
1090,7056916394,40.8135,-73.9381
1091,7056917256,40.711481,-73.945596
1092,7056920199,40.7105,-74.0163
1093,7056921105,40.7402,-73.9996
1094,7056921361,40.878514,-73.916219
1095,7056928184,40.7313,-73.9892
1096,7056930252,40.7313,-73.9892
1097,7056930264,40.6016,-73.9968
1098,7056933470,40.737213,-73.998146
1099,7056949940,40.7324,-74.0431
1100,7056962126,40.888349,-73.904383
1101,7056963973,40.628494,-73.943082
1102,7057029329,40.7454,-73.9575
1103,7057039880,40.646932,-73.949103
1104,7057041035,40.719544,-73.859129
1105,7057043430,40.7229,-73.8473
1106,7057046337,40.907755,-73.820317
1107,7057049463,40.946299,-73.891117
1108,7057102843,40.759578,-73.968024
1109,7057103174,40.7888,-74.0115
1110,7057108416,40.7119,-73.7944
1111,7057112611,40.973675,-73.887912
1112,7057112805,40.686931,-73.978223
1113,7057117290,40.7374,-73.7951
1114,7057118824,40.686931,-73.978223
1115,7057118897,40.7374,-73.7951
1116,7057128844,40.5979,-73.9743
1117,7057131637,40.6316,-74.0927
1118,7057136456,40.6316,-74.0927
1119,7057143455,40.888017,-73.863728
1120,7057143913,40.8662,-73.9003
1121,7057156139,40.7278,-73.8602
1122,7057156232,40.717075,-74.00483
1123,7057156858,40.710628,-74.007967
1124,7057161438,40.8662,-73.9003
1125,7057162622,40.936044,-73.902845
1126,7057168194,40.707482,-73.966384
1127,7057169136,40.64372,-73.959601
1128,7057169939,40.76819,-73.91555
1129,7057170400,40.770016,-73.92121
1130,7057172581,40.8662,-73.9003
1131,7057177193,40.741873,-73.874238
1132,7057178419,40.770016,-73.92121
1133,7057179095,40.616937,-74.023717
1134,7057179876,40.594648,-73.956556
1135,7057182341,40.727065,-73.859069
1136,7057182844,40.725867,-73.859848
1137,7057183761,40.743828,-73.924268
1138,7057190447,40.784343,-73.9729
1139,7057192358,40.957689,-73.730263
1140,7057192693,40.669497,-73.890414
1141,7057197045,40.7651,-73.9858
1142,7057199295,40.754964,-73.885258
1143,7057200211,40.943495,-73.739498
1144,7057202325,40.77089,-73.9205
1145,7057209364,40.7262,-73.9796
1146,7057210165,40.9011,-73.9053
1147,7057213236,40.5839,-73.9536
1148,7057217436,40.948276,-73.733455
1149,7057219329,40.701288,-73.804848
1150,7057229552,40.6251,-74.0303
1151,7057229678,40.936044,-73.902845
1152,7057244296,40.9461,-73.8669
1153,7057249621,40.9461,-73.8669
1154,7057255782,40.9461,-73.8669
1155,7057259318,40.9461,-73.8669
1156,7057259603,40.957882,-73.732896
1157,7057261636,40.6794,-73.9496
1158,7057268859,40.7577,-73.969394
1159,7057276387,40.67,-73.9367
1160,7057282896,40.7763,-73.911
1161,7057288005,40.759868,-73.990071
1162,7057290626,40.6424,-73.9758
1163,7057290794,40.9079,-73.838
1164,7057294063,40.680195,-73.955486
1165,7057298658,40.703656,-73.822459
1166,7057302602,40.74592,-73.957184
1167,7057308927,40.7029,-73.8111
1168,7057310045,40.7119,-73.7944
1169,7057310353,40.7119,-73.7944
1170,7057310636,40.7119,-73.7944
1171,7057311068,40.743201,-73.920591
1172,7057314104,40.688718,-73.983618
1173,7057315934,40.934699,-73.901442
1174,7057331360,40.8798,-73.9067
1175,7057331400,40.7918,-73.9447
1176,7057332552,40.936044,-73.902845
1177,7057336384,40.8486,-73.8999
1178,7057337392,40.7651,-73.9638
1179,7057348106,40.610217,-74.094513
1180,7057349936,40.720272,-73.94441
1181,7057350745,40.974391,-73.830274
1182,7057353467,40.7864,-73.9764
1183,7057356301,40.861992,-73.869538
1184,7057358889,40.589482,-73.956978
1185,7057360967,40.7864,-73.9764
1186,7057363645,40.7888,-74.0115
1187,7057364210,40.584658,-73.971005
1188,7057371540,40.6918,-73.915071
1189,7057373396,40.752218,-73.999425
1190,7057387134,40.659456,-73.939717
1191,7057391326,40.619621,-74.039612
1192,7057395882,40.9011,-73.9053
1193,7057409007,40.695002,-73.945863
1194,7057412356,40.679,-73.9644
1195,7057415150,40.9878,-73.863
1196,7057420389,40.763113,-73.962515
1197,7057420773,40.936044,-73.902845
1198,7057431976,40.628777,-74.004742
1199,7057434256,40.8222,-73.9217
1200,7057457477,40.7351,-73.8776
1201,7057463319,40.623253,-74.030192
1202,7057471669,40.625223,-73.946486
1203,7057485109,40.5839,-73.9536
1204,7057493033,40.81016,-73.93741
1205,7057493690,40.81016,-73.93741
1206,7057494699,40.772045,-73.92802
1207,7057495212,40.76113,-73.90964
1208,7057516460,40.716183,-74.00965
1209,7057520715,40.716183,-74.00965
1210,7057532698,40.689072,-73.921306
1211,7057541045,40.756832,-73.998085
1212,7057553543,40.9461,-73.8669
1213,7057566306,40.695996,-73.862452
1214,7057569176,40.6016,-73.9968
1215,7057572108,40.6016,-73.9968
1216,7057573797,40.7763,-73.911
1217,7057574138,40.762539,-73.802743
1218,7057576990,40.607414,-73.926249
1219,7057586577,40.744337,-73.951001
1220,7057593612,40.740115,-73.982211
1221,7057593828,40.731836,-74.005107
1222,7057598779,40.728735,-73.989897
1223,7057636958,40.691973,-73.946164
1224,7057637282,40.811685,-73.951846
1225,7057661729,40.684792,-73.9573
1226,7057676510,40.936044,-73.902845
1227,7057686135,40.932048,-73.900444
1228,7057698471,40.766332,-73.919857
1229,7057700519,40.5839,-73.9536
1230,7057706101,40.715859,-73.964896
1231,7057713760,40.8904,-73.8503
1232,7057716003,40.5979,-73.9743
1233,7057721846,40.936044,-73.902845
1234,7057729032,40.717075,-74.00483
1235,7057735490,40.6762,-73.8736
1236,7057737935,40.844512,-73.971999
1237,7057739587,40.794651,-73.971788
1238,7057747496,40.732657,-73.853316
1239,7057750965,40.674121,-73.880803
1240,7057758046,40.985843,-73.810755
1241,7057780559,40.7445,-74.0329
1242,7057780844,40.592754,-73.950152
1243,7057791657,40.8246,-73.9507
1244,7057794222,40.974391,-73.830274
1245,7057803729,40.936044,-73.902845
1246,7057827878,40.7328,-74.0755
1247,7057830660,40.727846,-73.982228
1248,7057831134,40.724348,-73.940477
1249,7057841272,40.6251,-74.0303
1250,7057842244,40.7627,-73.9149
1251,7057842367,40.706487,-74.011061
1252,7057843518,40.773388,-73.928988
1253,7057859233,40.936044,-73.902845
1254,7057859491,40.743201,-73.920591
1255,7057859800,40.7119,-73.7944
1256,7057860128,40.7119,-73.7944
1257,7057860492,40.7029,-73.8111
1258,7057861312,40.7119,-73.7944
1259,7057862436,40.692166,-73.914754
1260,7057868485,40.681465,-73.952086
1261,7057868668,40.882749,-73.881211
1262,7057868938,40.744503,-73.895923
1263,7057871520,40.9011,-73.9053
1264,7057872937,40.934902,-73.899879
1265,7057873926,40.8085,-73.9198
1266,7057874112,40.9011,-73.9053
1267,7057874947,40.9002,-73.781
1268,7057880351,40.71772,-74.014057
1269,7057881147,40.755175,-73.881514
1270,7057881782,40.756201,-73.969579
1271,7057898988,40.752372,-73.940119
1272,7057899663,40.758011,-73.917005
1273,7057900407,40.9461,-73.8669
1274,7057911026,40.663834,-73.994516
1275,7057911858,40.592342,-74.064179
1276,7057921490,40.640213,-73.972035
1277,7057930753,40.562784,-74.107296
1278,7057944317,40.5682,-74.1184
1279,7057948975,40.723337,-73.991179
1280,7057952224,40.6251,-74.0303
1281,7057955496,40.6424,-73.9758
1282,7057962661,40.8798,-73.9067
1283,7057967272,40.783771,-73.982341
1284,7057967530,40.74592,-73.957184
1285,7057974785,40.751753,-73.90663
1286,7057980679,40.747319,-73.956528
1287,7057984382,40.936044,-73.902845
1288,7057986771,40.8246,-73.9507
1289,7058003495,40.5973,-74.0768
1290,7058007884,40.936044,-73.902845
1291,7058018324,40.9079,-73.838
1292,7058021394,40.652642,-73.949769
1293,7058025650,40.744644,-73.95768
1294,7058028959,40.74837,-73.93842
1295,7058037954,40.7375,-73.9813
1296,7058045372,40.713656,-73.962077
1297,7058065587,40.714302,-73.782098
1298,7058067417,40.725867,-73.859848
1299,7058073933,40.801636,-73.968584
1300,7058077861,40.690347,-73.953949
1301,7058083418,40.670193,-73.889676
1302,7058089786,40.7547,-73.9925
1303,7058090120,40.5979,-73.9743
1304,7058099924,40.742433,-73.980044
1305,7058102002,40.550133,-74.142116
1306,7058105700,40.6316,-74.0927
1307,7058108749,40.6316,-74.0927
1308,7058111719,40.817722,-73.80735
1309,7058114177,40.7699,-73.9511
1310,7058117489,40.690427,-73.953996
1311,7058120526,40.765575,-73.988521
1312,7058125478,40.8116,-73.955
1313,7058143344,40.7571,-73.9657
1314,7058152633,40.7728,-73.9483
1315,7058161056,40.955,-73.8086
1316,7058171566,40.7627,-73.9149
1317,7058171655,40.7651,-73.9638
1318,7058172136,40.7613,-73.8739
1319,7058177206,40.7484,-73.9967
1320,7058182715,40.7428,-73.7588
1321,7058186499,40.832716,-73.928748
1322,7058189821,40.70803,-74.01487
1323,7058200270,40.7513,-73.883
1324,7058200393,40.7351,-73.8776
1325,7058200605,40.7706,-73.9265
1326,7058201212,40.767645,-73.981634
1327,7058203767,40.624469,-74.027638
1328,7058235514,40.62365,-74.036892
1329,7058237037,40.6179,-73.9856
1330,7058251383,40.710376,-73.951005
1331,7058252207,40.7402,-73.9996
1332,7058252243,40.745,-73.9069
1333,7058296122,40.899806,-73.777859
1334,7058316640,40.765421,-73.818791
1335,7058316908,40.686301,-73.943067
1336,7058318963,40.645453,-73.961406
1337,7058320350,40.721144,-73.983822
1338,7058320719,40.7651,-73.9638
1339,7058320892,40.669539,-73.823125
1340,7058322033,40.76664,-73.98735
1341,7058327612,40.746314,-73.907808
1342,7058330713,40.669856,-73.950502
1343,7058334930,40.752218,-73.999425
1344,7058342481,40.685001,-73.961155
1345,7058353964,40.936044,-73.902845
1346,7058356338,40.676159,-73.95597
1347,7058356693,40.534748,-73.968887
1348,7058359384,40.950057,-73.849843
1349,7058361914,40.712072,-73.996947
1350,7058380273,40.623253,-74.030192
1351,7058407204,40.774965,-73.952386
1352,7058418153,40.692628,-73.896285
1353,7058421177,40.7402,-73.9996
1354,7058425182,40.680892,-73.973959
1355,7058427495,40.716183,-74.00965
1356,7058439953,40.584034,-73.934934
1357,7058454092,40.936044,-73.902845
1358,7058456295,40.761756,-73.915071
1359,7058464556,40.584034,-73.934934
1360,7058502823,40.7339,-74.0054
1361,7058521022,40.773508,-73.899912
1362,7058523286,40.7681,-74.0208
1363,7058552518,40.588591,-73.939612
1364,7058553901,40.693635,-73.919771
1365,7058560056,40.5973,-74.0768
1366,7058561325,40.754964,-73.885258
1367,7058561885,40.744503,-73.895923
1368,7058562367,40.701288,-73.804848
1369,7058575045,40.936044,-73.902845
1370,7058576584,40.6316,-74.0927
1371,7058577131,40.5973,-74.0768
1372,7058588127,40.936044,-73.902845
1373,7058588507,40.770022,-73.902999
1374,7058589807,40.721678,-73.980607
1375,7058590405,40.771019,-73.90851
1376,7058593509,40.76289,-73.919329
1377,7058629434,40.780372,-73.896688
1378,7058631015,40.950962,-73.734659
1379,7058636249,40.936044,-73.902845
1380,7058679844,40.7443,-73.9781
1381,7058691761,40.641767,-73.946686
1382,7058696578,40.7221,-74.0469
1383,7058710962,40.679749,-73.928651
1384,7058718431,40.709488,-73.82967
1385,7058746346,40.76473,-73.912103
1386,7058748919,40.818424,-73.945141
1387,7058755237,40.797932,-73.933991
1388,7058760259,40.713576,-74.04064
1389,7058780495,40.737912,-73.923225
1390,7058789445,40.7095,-73.9563
1391,7058796793,40.631813,-74.083818
1392,7058799647,40.631813,-74.083818
1393,7058815821,40.7445,-74.0329
1394,7058818698,40.932701,-73.853079
1395,7058818814,40.5973,-74.0768
1396,7058819245,40.5973,-74.0768
1397,7058843782,40.600093,-73.965876
1398,7058847535,40.6174,-74.0121
1399,7058848080,40.951193,-73.823724
1400,7058848916,40.7313,-73.9892
1401,7058848936,40.7313,-73.9892
1402,7058876199,40.7888,-74.0115
1403,7058902163,40.617347,-74.101324
1404,7058902981,40.62079,-74.040475
1405,7058910018,40.7482,-74.0498
1406,7058915041,40.681364,-73.968093
1407,7058919713,40.804428,-73.95109
1408,7058923357,40.589482,-73.956978
1409,7058923584,40.804428,-73.95109
1410,7058924105,40.584047,-73.968954
1411,7058931483,40.5979,-73.9743
1412,7058932142,40.5839,-73.9536
1413,7058935505,40.679,-73.9644
1414,7058939380,40.7119,-73.7944
1415,7058939582,40.7029,-73.8111
1416,7058939746,40.7119,-73.7944
1417,7058939907,40.824636,-73.948273
1418,7058939927,40.7119,-73.7944
1419,7058940104,40.743201,-73.920591
1420,7058950393,40.70396,-73.895692
1421,7058951177,40.5973,-74.0768
1422,7058970252,40.676,-73.847
1423,7058985314,40.915247,-73.90174
1424,7058986666,40.703839,-73.927116
1425,7059000600,40.720318,-73.963823
1426,7059016410,40.68837,-73.944911
1427,7059023544,40.765328,-73.947344
1428,7059024138,40.765832,-73.946271
1429,7059038929,40.709906,-73.996439
1430,7059059347,40.8246,-73.9507
1431,7059079860,40.5979,-73.9743
1432,7059089025,40.7402,-73.9996
1433,7059096035,40.705692,-73.806137
1434,7059099556,40.759578,-73.968024
1435,7059100869,40.81016,-73.93741
1436,7059101953,40.76113,-73.90964
1437,7059126050,40.726968,-73.85646
1438,7059138985,40.7808,-73.954631
1439,7059175704,40.738761,-74.008974
1440,7059222101,40.787895,-73.947796
1441,7059236604,40.741726,-73.924159
1442,7059239376,40.814106,-73.940855
1443,7059251576,40.708453,-74.004839
1444,7059281988,40.695996,-73.862452
1445,7059282435,40.765138,-73.819435
1446,7059285707,40.8662,-73.9003
1447,7059287120,40.8662,-73.9003
1448,7059292164,40.76559,-73.82264
1449,7059292768,40.76559,-73.82264
1450,7059299130,40.564468,-74.138386
1451,7059300823,40.74548,-74.005394
1452,7059319100,40.767645,-73.981634
1453,7059321677,40.86342,-73.928289
1454,7059323303,40.845663,-73.855473
1455,7059323963,40.7975,-73.9683
1456,7059330283,40.675884,-73.906939
1457,7059331163,40.6762,-73.8736
1458,7059356424,40.60016,-73.754875
1459,7059371825,40.7375,-73.9813
1460,7059385345,40.7975,-73.9683
1461,7059393241,40.6794,-73.9496
1462,7059423935,40.713867,-73.992495
1463,7059432548,40.7119,-73.7944
1464,7059433127,40.85246,-73.920354
1465,7059433826,40.7029,-73.8111
1466,7059441019,40.748065,-73.939768
1467,7059444473,40.712308,-73.994361
1468,7059448041,40.936044,-73.902845
1469,7059457104,40.619859,-74.035476
1470,7059461330,40.71772,-74.014057
1471,7059462355,40.916702,-73.848858
1472,7059462367,40.6762,-73.8736
1473,7059462421,40.8662,-73.9003
1474,7059463424,40.6505,-73.9349
1475,7059464422,40.5979,-73.9743
1476,7059465556,40.8662,-73.9003
1477,7059469381,40.8662,-73.9003
1478,7059469925,40.7443,-73.9781
1479,7059474781,40.8662,-73.9003
1480,7059484375,40.711838,-73.903305
1481,7059484715,40.6006,-73.758
1482,7059504329,40.671206,-73.95951
1483,7059531253,40.936044,-73.902845
1484,7059533495,40.778,-73.9884
1485,7059537584,40.640729,-74.086202
1486,7059544639,40.753278,-73.751096
1487,7059554615,40.8434,-73.8602
1488,7059566817,40.608077,-73.979697
1489,7059570143,40.755175,-73.881514
1490,7059573901,40.758011,-73.917005
1491,7059580389,40.763566,-73.958236
1492,7059587259,40.6251,-74.0303
1493,7059587733,40.817226,-73.942299
1494,7059599078,40.725867,-73.859848
1495,7059600313,40.727065,-73.859069
1496,7059601884,40.743828,-73.924268
1497,7059604152,40.692213,-73.922919
1498,7059606413,40.759315,-73.996155
1499,7059620093,40.5839,-73.9536
1500,7059620807,40.710455,-73.738566
1501,7059622560,40.801741,-73.96476
1502,7059628550,40.692166,-73.914754
1503,7059636592,40.7486,-73.9732
1504,7059636664,40.663192,-73.937264
1505,7059649123,40.751753,-73.90663
1506,7059658933,40.5973,-74.0768
1507,7059659862,40.5973,-74.0768
1508,7059666509,40.723337,-73.991179
1509,7059670962,40.744644,-73.95768
1510,7059671566,40.74837,-73.93842
1511,7059674040,40.766518,-73.91469
1512,7059674584,40.76799,-73.96147
1513,7059683248,40.766715,-73.982877
1514,7059695869,40.722283,-73.98571
1515,7059706747,40.7627,-73.7745
1516,7059707858,40.7651,-73.9858
1517,7059719279,40.7012,-73.9436
1518,7059730216,40.916269,-73.900144
1519,7059730802,40.7454,-73.9575
1520,7059760393,40.639228,-74.095488
1521,7059761896,40.936044,-73.902845
1522,7059781502,40.692744,-73.914106
1523,7059793787,40.7006,-73.918
1524,7059798745,40.702412,-73.989631
1525,7059799535,40.7445,-74.0329
1526,7059804896,40.84415,-73.941384
1527,7059806749,40.692708,-73.914127
1528,7059807638,40.584047,-73.968954
1529,7059810333,40.584047,-73.968954
1530,7059812720,40.936044,-73.902845
1531,7059814055,40.589482,-73.956978
1532,7059827616,40.623817,-74.030095
1533,7059827907,40.828417,-73.947232
1534,7059828536,40.6412,-74.0133
1535,7059829346,40.683973,-73.944036
1536,7059830970,40.65566,-74.000366
1537,7059832062,40.623046,-73.91519
1538,7059832993,40.741753,-73.82527
1539,7059834240,40.631438,-74.014539
1540,7059835387,40.660772,-73.994974
1541,7059836248,40.659344,-73.992566
1542,7059837426,40.666911,-73.930131
1543,7059837722,40.670869,-73.948148
1544,7059838479,40.754344,-73.83158
1545,7059842318,40.643274,-73.974375
1546,7059845521,40.6412,-74.0133
1547,7059846490,40.716183,-74.00965
1548,7059847819,40.86555,-73.861562
1549,7059848689,40.6251,-74.0303
1550,7059851125,40.936044,-73.902845
1551,7059852822,40.698373,-73.992941
1552,7059853736,40.632366,-73.993446
1553,7059857615,40.747253,-73.892283
1554,7059867958,40.7975,-73.9683
1555,7059873046,40.7229,-73.8473
1556,7059879332,40.772642,-73.907333
1557,7059880028,40.846125,-73.861427
1558,7059884972,40.694,-73.9903
1559,7059908587,40.896954,-73.869066
1560,7059911067,40.756883,-73.969391
1561,7059930749,40.741726,-73.924159
1562,7059962163,40.757844,-73.991241
1563,7059962728,40.5839,-73.9536
1564,7059968707,40.7651,-73.9638
1565,7059968707,40.7651,-73.9638
1566,7059968707,40.7651,-73.9638
1567,7059968707,40.7651,-73.9638
1568,7059969729,40.740622,-73.920155
1569,7059972046,40.7313,-73.9892
1570,7059977181,40.683581,-73.953954
1571,7059984447,40.7313,-73.9892
1572,7059998174,40.68324,-73.943891
1573,7060012562,40.6251,-74.0303
1574,7060013043,40.593047,-73.987566
1575,7060013428,40.6251,-74.0303
1576,7060017368,40.6174,-74.0121
1577,7060019609,40.605983,-74.007565
1578,7060060165,40.696266,-73.907207
1579,7060087003,40.764496,-73.98368
1580,7060107664,40.694221,-73.918549
1581,7060113053,40.691823,-73.92223
1582,7060116283,40.662254,-73.854818
1583,7060125170,40.936044,-73.902845
1584,7060152410,40.752218,-73.999425
1585,7060155181,40.7855,-73.845
1586,7060167771,40.820587,-73.944348
1587,7060171002,40.936044,-73.902845
1588,7060179542,40.636009,-74.081063
1589,7060181936,40.815822,-73.887157
1590,7060183843,40.745,-73.9069
1591,7060184289,40.709872,-74.007054
1592,7060184732,40.759725,-73.920597
1593,7060185948,40.742377,-73.88188
1594,7060186234,40.7627,-73.9149
1595,7060189125,40.704717,-73.928738
1596,7060191514,40.5979,-73.9743
1597,7060194195,40.7402,-73.9996
1598,7060202810,40.717823,-74.00483
1599,7060202864,40.633077,-73.917043
1600,7060210508,40.741999,-73.90251
1601,7060219144,40.641064,-73.972268
1602,7060227104,40.687689,-73.964353
1603,7060232524,40.936044,-73.902845
1604,7060236404,40.744503,-73.895923
1605,7060237221,40.754964,-73.885258
1606,7060238166,40.743456,-73.882113
1607,7060242977,40.5973,-74.0768
1608,7060243862,40.5973,-74.0768
1609,7060244722,40.644917,-73.894322
1610,7060248298,40.687794,-73.837752
1611,7060254262,40.7313,-73.9892
1612,7060256026,40.770504,-73.92076
1613,7060258558,40.630988,-74.022024
1614,7060263476,40.685878,-73.851428
1615,7060263513,40.680992,-73.94482
1616,7060270932,40.770382,-73.91636
1617,7060276843,40.7888,-74.0115
1618,7060284855,40.680189,-73.967954
1619,7060285855,40.6907,-73.9274
1620,7060287720,40.679,-73.9644
1621,7060289784,40.936044,-73.902845
1622,7060295970,40.760728,-73.94331
1623,7060296019,40.812414,-73.944755
1624,7060299360,40.692166,-73.914754
1625,7060301774,40.639319,-73.936792
1626,7060304384,40.712933,-73.9969
1627,7060318524,40.7436,-73.9216
1628,7060344817,40.755175,-73.881514
1629,7060348618,40.711609,-73.957535
1630,7060363256,40.8246,-73.9507
1631,7060367340,40.6794,-73.9496
1632,7060370008,40.8246,-73.9507
1633,7060371056,40.681747,-73.943844
1634,7060373975,40.7651,-73.9858
1635,7060374329,40.707333,-74.00708
1636,7060375334,40.707333,-74.00708
1637,7060380347,40.769918,-73.927032
1638,7060383060,40.711962,-73.940688
1639,7060389967,40.6794,-73.9496
1640,7060391267,40.7239,-73.8997
1641,7060391629,40.680992,-73.94482
1642,7060393041,40.856695,-73.884646
1643,7060394965,40.707333,-74.00708
1644,7060395108,40.739922,-73.981753
1645,7060395649,40.758011,-73.917005
1646,7060399380,40.936044,-73.902845
1647,7060400343,40.9525,-73.735
1648,7060407155,40.7119,-73.7944
1649,7060408168,40.7278,-73.8602
1650,7060408939,40.6838,-73.8514
1651,7060409105,40.9719,-73.7181
1652,7060409751,40.6251,-74.0303
1653,7060410305,40.7029,-73.8111
1654,7060410650,40.743201,-73.920591
1655,7060410930,40.9231,-73.8299
1656,7060421311,40.771519,-73.952492
1657,7060431446,40.7278,-73.8602
1658,7060436230,40.7764,-73.9827
1659,7060450614,40.692692,-73.914084
1660,7060457039,40.692659,-73.91417
1661,7060458502,40.729908,-73.98633
1662,7060458843,40.721056,-73.855192
1663,7060462257,40.751753,-73.90663
1664,7060467642,40.743825,-73.979508
1665,7060467642,40.743825,-73.979508
1666,7060467642,40.743825,-73.979508
1667,7060467642,40.743825,-73.979508
1668,7060478448,40.9166,-73.7877
1669,7060479099,40.935194,-73.900952
1670,7060479700,40.935421,-73.903828
1671,7060480383,40.93502,-73.90151
1672,7060482469,40.736962,-73.984508
1673,7060488384,40.9656,-73.8434
1674,7060496056,40.7351,-73.8776
1675,7060496101,40.685298,-73.932522
1676,7060496254,40.7351,-73.8776
1677,7060502729,40.706224,-74.008554
1678,7060506541,40.797634,-73.9681
1679,7060510061,40.81016,-73.93741
1680,7060516018,40.7838,-73.95345
1681,7060519706,40.7918,-73.9447
1682,7060538379,40.974391,-73.830274
1683,7060542004,40.680992,-73.94482
1684,7060547950,40.772118,-73.95009
1685,7060557031,40.911159,-73.780672
1686,7060569033,40.71772,-74.014057
1687,7060577573,40.651352,-73.956433
1688,7060585177,40.778559,-73.947644
1689,7060600373,40.769312,-73.901047
1690,7060607539,40.680992,-73.94482
1691,7060609847,40.701334,-73.926838
1692,7060630405,40.766152,-73.919778
1693,7060631446,40.619399,-73.969565
1694,7060632824,40.764608,-73.916048
1695,7060633273,40.764576,-73.916123
1696,7060640172,40.7975,-73.9683
1697,7060654227,40.715427,-73.99103
1698,7060663098,40.635226,-74.03105
1699,7060666099,40.680992,-73.94482
1700,7060672113,40.7651,-73.9638
1701,7060681667,40.729381,-73.984009
1702,7060690305,40.78632,-73.942481
1703,7060697845,40.745853,-73.97636
1704,7060722586,40.726142,-73.887133
1705,7060724235,40.650501,-74.004893
1706,7060749959,40.716592,-74.005357
1707,7060756871,40.702,-74.089
1708,7060760967,40.7975,-73.9683
1709,7060772409,40.745,-73.9069
1710,7060772763,40.6174,-74.0121
1711,7060780987,40.7446,-73.9345
1712,7060782515,40.848316,-73.93967
1713,7060784359,40.76559,-73.82264
1714,7060784928,40.936044,-73.902845
1715,7060787100,40.848316,-73.93967
1716,7060788118,40.8469,-73.7874
1717,7060792616,40.6669,-73.9828
1718,7060801498,40.853342,-73.885868
1719,7060812366,40.6929,-73.931251
1720,7060826183,40.830305,-73.920797
1721,7060848439,40.936044,-73.902845
1722,7060848901,40.787964,-73.947669
1723,7060850990,40.7864,-73.9764
1724,7060851103,40.683969,-73.973179
1725,7060851878,40.719544,-73.859129
1726,7060852431,40.682054,-73.981683
1727,7060852811,40.682016,-73.981855
1728,7060853237,40.749799,-73.978475
1729,7060864137,40.741999,-73.90251
1730,7060864960,40.743828,-73.924268
1731,7060870181,40.7374,-73.7951
1732,7060870665,40.7374,-73.7951
1733,7060873240,40.671222,-73.959478
1734,7060875294,40.5979,-73.9743
1735,7060875883,40.5839,-73.9536
1736,7060879712,40.677646,-73.913116
1737,7060881789,40.7428,-73.7588
1738,7060892236,40.755175,-73.881514
1739,7060898048,40.594648,-73.956556
1740,7060898934,40.616937,-74.023717
1741,7060900648,40.70729,-74.007622
1742,7060904082,40.695253,-73.920309
1743,7060908738,40.758717,-73.908355
1744,7060923357,40.766664,-73.953888
1745,7060943348,40.936044,-73.902845
1746,7060946695,40.974391,-73.830274
1747,7060951761,40.723337,-73.991179
1748,7060952463,40.6225,-73.965
1749,7060955706,40.725867,-73.859848
1750,7060956550,40.727065,-73.859069
1751,7060959080,40.589482,-73.956978
1752,7060960792,40.759578,-73.968024
1753,7060961194,40.584047,-73.968954
1754,7060971783,40.69261,-73.914256
1755,7060972774,40.647035,-73.945284
1756,7060974310,40.5979,-73.9743
1757,7060975846,40.5839,-73.9536
1758,7060976707,40.5979,-73.9743
1759,7060978599,40.714703,-74.04039
1760,7060979526,40.693654,-73.906259
1761,7060992949,40.686172,-73.944475
1762,7060993730,40.704717,-73.928738
1763,7060996149,40.692662,-73.914042
1764,7060998259,40.685097,-73.929341
1765,7061007547,40.874794,-73.88344
1766,7061016672,40.676635,-73.924792
1767,7061021450,40.936044,-73.902845
1768,7061022195,40.714061,-73.959619
1769,7061022538,40.700998,-73.910578
1770,7061030064,40.703952,-73.920779
1771,7061030678,40.974391,-73.830274
1772,7061031404,40.720318,-73.963823
1773,7061038297,40.694276,-73.992424
1774,7061041707,40.694276,-73.992424
1775,7061043864,40.731774,-74.001167
1776,7061049595,40.7229,-73.8473
1777,7061052141,40.7229,-73.8473
1778,7061059971,40.7763,-73.911
1779,7061061006,40.61871,-73.930759
1780,7061066696,40.5973,-74.0768
1781,7061090425,40.7443,-73.9781
1782,7061090690,40.936044,-73.902845
1783,7061093226,40.700044,-73.92876
1784,7061093551,40.687071,-73.964796
1785,7061093626,40.743201,-73.920591
1786,7061093913,40.7029,-73.8111
1787,7061094200,40.7119,-73.7944
1788,7061094612,40.7119,-73.7944
1789,7061095044,40.7119,-73.7944
1790,7061100934,40.677514,-73.94723
1791,7061112363,40.6907,-73.9274
1792,7061121917,40.663792,-73.937269
1793,7061124528,40.611258,-74.060469
1794,7061143539,40.820876,-73.945155
1795,7061143805,40.721242,-73.83997
1796,7061152884,40.7339,-74.0054
1797,7061157703,40.85246,-73.920354
1798,7061160759,40.649,-73.934
1799,7061168614,40.770022,-73.902999
1800,7061172234,40.679,-73.9644
1801,7061178091,40.688071,-73.972818
1802,7061179101,40.773954,-73.919354
1803,7061185135,40.768546,-73.895266
1804,7061189416,40.725337,-74.004032
1805,7061192244,40.693641,-73.913307
1806,7061220835,40.9525,-73.735
1807,7061231627,40.8116,-73.955
1808,7061262227,40.751328,-73.941086
1809,7061271838,40.739159,-73.857952
1810,7061278617,40.7221,-74.0469
1811,7061281351,40.78018,-73.94458
1812,7061283772,40.77037,-73.99219
1813,7061294657,40.7571,-73.9657
1814,7061295924,40.7402,-73.9996
1815,7061301542,40.6316,-74.0927
1816,7061306041,40.694,-73.9903
1817,7061323510,40.7855,-73.845
1818,7061329518,40.752818,-73.872714
1819,7061330253,40.720139,-73.808899
1820,7061368550,40.716408,-73.857703
1821,7061372692,40.7324,-74.0431
1822,7061387127,40.702,-74.089
1823,7061388152,40.5979,-73.9743
1824,7061389413,40.588133,-73.965814
1825,7061399952,40.718158,-73.997931
1826,7061415015,40.743596,-73.882467
1827,7061420141,40.7221,-74.0469
1828,7061423443,40.796703,-73.932847
1829,7061425754,40.752218,-73.999425
1830,7061433257,40.635659,-74.026008
1831,7061437590,40.924907,-73.788918
1832,7061443369,40.5766,-73.8428
1833,7061450428,40.7229,-73.8473
1834,7061450789,40.7229,-73.8473
1835,7061451564,40.7888,-74.0115
1836,7061455304,40.7445,-74.0329
1837,7061457574,40.73761,-73.973785
1838,7061465975,40.720318,-73.963823
1839,7061470621,40.712118,-73.958738
1840,7061478116,40.736866,-73.97271
1841,7061481074,40.73761,-73.973785
1842,7061483397,40.793647,-73.967405
1843,7061486436,40.713079,-73.964071
1844,7061486488,40.5979,-73.9743
1845,7061487796,40.589782,-73.95753
1846,7061487931,40.793485,-73.967619
1847,7061489471,40.7402,-73.9996
1848,7061490881,40.690752,-73.98374
1849,7061495949,40.736866,-73.97271
1850,7061500059,40.589482,-73.956978
1851,7061502669,40.9461,-73.8669
1852,7061503442,40.584047,-73.968954
1853,7061505889,40.584047,-73.968954
1854,7061506097,40.9461,-73.8669
1855,7061507241,40.605179,-73.980171
1856,7061510085,40.641064,-73.972268
1857,7061510589,40.9177,-73.895
1858,7061516583,40.9177,-73.895
1859,7061519794,40.6816,-73.9798
1860,7061521893,40.6225,-73.965
1861,7061523002,40.721279,-73.851718
1862,7061525713,40.5973,-74.0768
1863,7061526441,40.5973,-74.0768
1864,7061528234,40.9079,-73.838
1865,7061544940,40.77089,-73.9205
1866,7061552829,40.761604,-73.918304
1867,7061556564,40.69263,-73.914213
1868,7061556787,40.731212,-73.993766
1869,7061558014,40.7229,-73.8473
1870,7061565638,40.643699,-74.07861
1871,7061570260,40.717563,-74.005002
1872,7061580039,40.712134,-73.96637
1873,7061581580,40.701932,-73.88098
1874,7061582866,40.6816,-73.9798
1875,7061584830,40.686904,-73.944622
1876,7061585619,40.936044,-73.902845
1877,7061587761,40.9086,-73.8221
1878,7061588938,40.714785,-73.807611
1879,7061595880,40.71772,-74.014057
1880,7061596514,40.795252,-73.97321
1881,7061596892,40.750432,-73.877802
1882,7061604551,40.701762,-73.927588
1883,7061614228,40.736618,-73.97885
1884,7061617006,40.6669,-73.9828
1885,7061619936,40.731239,-73.982516
1886,7061625567,40.731,-73.853
1887,7061630625,40.9011,-73.9053
1888,7061631867,40.882631,-73.906403
1889,7061637968,40.800133,-73.959176
1890,7061639877,40.736348,-73.866041
1891,7061659819,40.692033,-73.945642
1892,7061666292,40.73152,-73.98651
1893,7061671040,40.736645,-74.00164
